timestamp,Elapsed Time (s)
1736497148.5282233,0.07834672927856445
1736497148.6114042,0.1615276336669922
1736497148.621383,0.17150640487670898
1736497148.6411223,0.19124579429626465
1736497148.672432,0.22255539894104004
1736497148.7035468,0.25367021560668945
1736497148.7347476,0.28487110137939453
1736497148.7666667,0.3167901039123535
1736497148.7990925,0.3492159843444824
1736497148.832531,0.38265442848205566
1736497148.8627605,0.412883996963501
1736497148.8949664,0.44508981704711914
1736497148.926955,0.4770784378051758
1736497148.9802644,0.5303878784179688
1736497149.010684,0.560807466506958
1736497149.0418346,0.5919580459594727
1736497149.082025,0.6321485042572021
1736497149.1050358,0.6551592350006104
1736497149.1451397,0.695263147354126
1736497149.1721032,0.722226619720459
1736497149.1996539,0.7497773170471191
1736497149.2351043,0.7852277755737305
1736497149.263446,0.8135695457458496
1736497149.296922,0.8470454216003418
1736497149.3322055,0.882328987121582
1736497149.3754213,0.9255447387695312
1736497149.4137075,0.9638309478759766
1736497149.4405782,0.9907016754150391
1736497149.4782932,1.028416633605957
1736497149.5066893,1.0568127632141113
1736497149.54149,1.091613531112671
1736497149.5712879,1.1214113235473633
1736497149.5991762,1.1492996215820312
1736497149.635217,1.185340404510498
1736497149.6674898,1.2176132202148438
1736497149.6959665,1.2460899353027344
1736497149.7316499,1.281773328781128
1736497149.7799988,1.3301222324371338
1736497149.811313,1.361436367034912
1736497149.841037,1.391160488128662
1736497149.8750818,1.4252052307128906
1736497149.910498,1.4606213569641113
1736497149.9354372,1.485560655593872
1736497149.9717581,1.5218815803527832
1736497150.00497,1.55509352684021
1736497150.0335844,1.5837078094482422
1736497150.0638273,1.6139507293701172
1736497150.1010725,1.651196002960205
1736497150.2672603,1.8173837661743164
1736497150.2849374,1.8350608348846436
1736497150.3039966,1.8541200160980225
1736497150.3404417,1.8905651569366455
1736497150.369994,1.9201173782348633
1736497150.4039717,1.9540951251983643
1736497150.4356394,1.9857628345489502
1736497150.4664202,2.0165436267852783
1736497150.4998002,2.0499236583709717
1736497150.5314612,2.0815846920013428
1736497150.5794466,2.1295700073242188
1736497150.6079738,2.158097267150879
1736497150.6449244,2.1950478553771973
1736497150.6728985,2.223021984100342
1736497150.709003,2.2591264247894287
1736497150.736515,2.2866384983062744
1736497150.7676573,2.3177807331085205
1736497150.7996576,2.349781036376953
1736497150.8319697,2.3820931911468506
1736497150.8637369,2.413860321044922
1736497150.8955667,2.445690155029297
1736497150.9270685,2.477191925048828
1736497150.9751053,2.52522873878479
1736497151.0079355,2.558058977127075
1736497151.0399058,2.590029239654541
1736497151.0709517,2.62107515335083
1736497151.1030898,2.6532132625579834
1736497151.13505,2.685173511505127
1736497151.167057,2.7171804904937744
1736497151.1990333,2.7491567134857178
1736497151.230928,2.7810513973236084
1736497151.262845,2.8129684925079346
1736497151.2948997,2.8450231552124023
1736497151.3270664,2.877189874649048
1736497151.3758214,2.9259448051452637
1736497151.4079173,2.958040714263916
1736497151.4400392,2.9901626110076904
1736497151.4720116,3.022135019302368
1736497151.5040472,3.054170608520508
1736497151.5362,3.0863234996795654
1736497151.5684018,3.118525266647339
1736497151.5998266,3.1499500274658203
1736497151.6317666,3.1818900108337402
1736497151.6638975,3.2140209674835205
1736497151.6957781,3.245901584625244
1736497151.7277756,3.2778990268707275
1736497151.7757638,3.3258872032165527
1736497151.807792,3.3579154014587402
1736497151.8397849,3.3899083137512207
1736497151.8720808,3.4222042560577393
1736497151.903661,3.453784465789795
1736497151.9352636,3.485387086868286
1736497151.9671395,3.5172629356384277
1736497151.9991162,3.5492396354675293
1736497152.0313628,3.581486225128174
1736497152.0637724,3.613895893096924
1736497152.0959435,3.646066904067993
1736497152.127211,3.6773345470428467
1736497152.1756916,3.7258150577545166
1736497152.2080512,3.7581746578216553
1736497152.2399683,3.7900917530059814
1736497152.2715058,3.821629285812378
1736497152.3032131,3.8533365726470947
1736497152.3355618,3.8856852054595947
1736497152.3675907,3.9177141189575195
1736497152.3992522,3.949375629425049
1736497152.4314144,3.9815378189086914
1736497152.4634526,4.013576030731201
1736497152.4953427,4.045466184616089
1736497152.5275736,4.077697038650513
1736497152.576253,4.126376390457153
1736497152.6086636,4.15878701210022
1736497152.6408255,4.190948963165283
1736497152.6721542,4.222277641296387
1736497152.7041953,4.254318714141846
1736497152.7362292,4.286352634429932
1736497152.7676532,4.317776679992676
1736497152.799558,4.349681377410889
1736497152.8313713,4.381494760513306
1736497152.863408,4.413531541824341
1736497152.8952541,4.445377588272095
1736497152.9272764,4.477399826049805
1736497152.9753168,4.525440216064453
1736497153.0076265,4.55774998664856
1736497153.0394337,4.58955717086792
1736497153.071666,4.621789455413818
1736497153.1035333,4.653656721115112
1736497153.1358294,4.68595290184021
1736497153.1674473,4.717570781707764
1736497153.1998656,4.749989032745361
1736497153.2318428,4.781966209411621
1736497153.2645173,4.814640760421753
1736497153.2951577,4.84528112411499
1736497153.3273036,4.877427101135254
1736497153.3753872,4.92551064491272
1736497153.4072912,4.957414627075195
1736497153.4388227,4.988946199417114
1736497153.4710197,5.021143198013306
1736497153.5029726,5.053096055984497
1736497153.5347304,5.084853887557983
1736497153.5672803,5.117403745651245
1736497153.5991366,5.1492600440979
1736497153.6312387,5.181362152099609
1736497153.6632333,5.2133567333221436
1736497153.695201,5.245324373245239
1736497153.7270544,5.277177810668945
1736497153.7751925,5.325315952301025
1736497153.8072693,5.35739278793335
1736497153.839213,5.389336347579956
1736497153.871086,5.421209335327148
1736497153.903947,5.454070568084717
1736497153.9358568,5.485980272293091
1736497153.9676056,5.517729043960571
1736497153.9994764,5.549599885940552
1736497154.0316508,5.5817742347717285
1736497154.0637028,5.613826274871826
1736497154.0952122,5.645335674285889
1736497154.1273932,5.67751669883728
1736497154.1756783,5.725801706314087
1736497154.2081017,5.758225202560425
1736497154.2401369,5.790260314941406
1736497154.271558,5.821681499481201
1736497154.303557,5.853680372238159
1736497154.335416,5.885539531707764
1736497154.3674245,5.917547941207886
1736497154.399446,5.949569463729858
1736497154.4314587,5.981582164764404
1736497154.4634871,6.013610601425171
1736497154.4955459,6.045669317245483
1736497154.527655,6.077778339385986
1736497154.5762835,6.126406908035278
1736497154.608769,6.158892393112183
1736497154.6411436,6.191267013549805
1736497154.6715229,6.221646308898926
1736497154.703037,6.25316047668457
1736497154.7351122,6.285235643386841
1736497154.7671268,6.3172502517700195
1736497154.7990663,6.349189758300781
1736497154.8311155,6.38123893737793
1736497154.8631546,6.413278102874756
1736497154.895111,6.445234537124634
1736497154.9271183,6.47724175453186
1736497154.975275,6.52539849281311
1736497155.007564,6.557687520980835
1736497155.0395439,6.589667320251465
1736497155.0716276,6.621751070022583
1736497155.1035166,6.653640031814575
1736497155.1358075,6.685930967330933
1736497155.1676931,6.717816591262817
1736497155.1999323,6.75005578994751
1736497155.2317111,6.781834602355957
1736497155.264106,6.814229488372803
1736497155.295606,6.845729351043701
1736497155.3272724,6.877395868301392
1736497155.3746846,6.924808025360107
1736497155.4066484,6.9567718505859375
1736497155.4391232,6.989246606826782
1736497155.4709778,7.021101236343384
1736497155.5031328,7.053256273269653
1736497155.5351162,7.08523964881897
1736497155.567077,7.1172003746032715
1736497155.5989738,7.149097204208374
1736497155.6311972,7.181320667266846
1736497155.6632118,7.213335275650024
1736497155.6952443,7.245367765426636
1736497155.7272992,7.277422666549683
1736497155.7758267,7.3259501457214355
1736497155.8081224,7.358245849609375
1736497155.840182,7.390305519104004
1736497155.8716896,7.421813011169434
1736497155.9035513,7.453674793243408
1736497155.9353044,7.4854278564453125
1736497155.9674122,7.51753568649292
1736497155.999344,7.54946756362915
1736497156.0317695,7.581892967224121
1736497156.0637312,7.613854646682739
1736497156.095771,7.645894527435303
1736497156.12796,7.678083419799805
1736497156.1758034,7.725926876068115
1736497156.2079165,7.758039951324463
1736497156.240071,7.790194511413574
1736497156.271389,7.821512460708618
1736497156.3034837,7.853607177734375
1736497156.335505,7.8856284618377686
1736497156.367568,7.917691469192505
1736497156.3995292,7.949652671813965
1736497156.431438,7.9815614223480225
1736497156.4634573,8.013580799102783
1736497156.4954422,8.045565605163574
1736497156.52746,8.07758355140686
1736497156.5761936,8.126317024230957
1736497156.6083992,8.158522605895996
1736497156.6407282,8.19085168838501
1736497156.6721194,8.222242832183838
1736497156.7040403,8.25416374206543
1736497156.73608,8.286203384399414
1736497156.7680905,8.318213939666748
1736497156.8006094,8.350732803344727
1736497156.8320525,8.382175922393799
1736497156.8637285,8.413851976394653
1736497156.895589,8.445712566375732
1736497156.9277666,8.477890014648438
1736497156.9755874,8.525710821151733
1736497157.0077481,8.557871580123901
1736497157.0397046,8.58982801437378
1736497157.0717077,8.621831178665161
1736497157.1028776,8.653001070022583
1736497157.1349216,8.685045003890991
1736497157.1669753,8.717098712921143
1736497157.1991963,8.749319791793823
1736497157.2315319,8.781655311584473
1736497157.2631655,8.813288927078247
1736497157.2956364,8.845759868621826
1736497157.3269622,8.87708568572998
1736497157.374975,8.925098419189453
1736497157.4071949,8.957318305969238
1736497157.4390128,8.989136219024658
1736497157.471037,9.021160364151001
1736497157.5029068,9.053030252456665
1736497157.5349371,9.085060596466064
1736497157.567387,9.117510557174683
1736497157.5993786,9.149502038955688
1736497157.6313362,9.181459665298462
1736497157.663322,9.21344542503357
1736497157.695245,9.245368480682373
1736497157.7272243,9.277347803115845
1736497157.7756038,9.325727224349976
1736497157.8078287,9.357952117919922
1736497157.840033,9.390156507492065
1736497157.8717527,9.421876192092896
1736497157.904647,9.454770565032959
1736497157.9357467,9.485870122909546
1736497157.9678617,9.517985105514526
1736497157.9998193,9.5499427318573
1736497158.032449,9.58257246017456
1736497158.0634172,9.613540649414062
1736497158.095709,9.645832538604736
1736497158.1273234,9.677446842193604
1736497158.175906,9.726029396057129
1736497158.207797,9.757920503616333
1736497158.2398493,9.78997278213501
1736497158.271918,9.822041511535645
1736497158.3034313,9.853554725646973
1736497158.3353374,9.88546085357666
1736497158.3675056,9.91762900352478
1736497158.3994603,9.949583768844604
1736497158.4311454,9.981268882751465
1736497158.4629407,10.01306414604187
1736497158.4949741,10.045097589492798
1736497158.5269692,10.07709264755249
1736497158.5754695,10.125592947006226
1736497158.6078455,10.157968997955322
1736497158.6398313,10.18995475769043
1736497158.6718698,10.221993207931519
1736497158.7037556,10.253879070281982
1736497158.735655,10.285778522491455
1736497158.767845,10.317968368530273
1736497158.8001277,10.350251197814941
1736497158.8324628,10.382586240768433
1736497158.864789,10.414912462234497
1736497158.8964393,10.446562767028809
1736497158.9281147,10.478238105773926
1736497158.9756086,10.525732040405273
1736497159.0078385,10.55796194076538
1736497159.039961,10.590084552764893
1736497159.071829,10.621952533721924
1736497159.103857,10.653980493545532
1736497159.1358538,10.685977220535278
1736497159.1679027,10.718026161193848
1736497159.1998162,10.749939680099487
1736497159.2318988,10.78202223777771
1736497159.2638476,10.813971042633057
1736497159.2953632,10.845486640930176
1736497159.3274035,10.877526998519897
1736497159.3750975,10.925220966339111
1736497159.4068544,10.956977844238281
1736497159.4389389,10.989062309265137
1736497159.4707813,11.020904779434204
1736497159.5031474,11.053270816802979
1736497159.535194,11.085317373275757
1736497159.5672796,11.117403030395508
1736497159.5992205,11.149343967437744
1736497159.6309307,11.18105411529541
1736497159.6631925,11.213315963745117
1736497159.6950476,11.245171070098877
1736497159.7272272,11.277350664138794
1736497159.7761488,11.326272249221802
1736497159.808443,11.358566522598267
1736497159.8404038,11.390527248382568
1736497159.8711696,11.421293020248413
1736497159.9035213,11.453644752502441
1736497159.935314,11.485437393188477
1736497159.9673572,11.517480611801147
1736497159.9992874,11.549410820007324
1736497160.0313487,11.581472158432007
1736497160.0634282,11.613551616668701
1736497160.0954647,11.645588159561157
1736497160.1274076,11.677531003952026
1736497160.1763005,11.726423978805542
1736497160.2084806,11.758604049682617
1736497160.2406297,11.79075312614441
1736497160.271722,11.821845531463623
1736497160.303772,11.853895425796509
1736497160.3358376,11.885961055755615
1736497160.3674269,11.917550325393677
1736497160.3994849,11.949608325958252
1736497160.4314773,11.981600761413574
1736497160.4634905,12.013613939285278
1736497160.4954336,12.045557022094727
1736497160.5273907,12.077514171600342
1736497160.5759199,12.126043319702148
1736497160.6078198,12.15794324874878
1736497160.639712,12.189835548400879
1736497160.671758,12.22188138961792
1736497160.7033098,12.253433227539062
1736497160.7355466,12.285670042037964
1736497160.7674475,12.317570924758911
1736497160.799542,12.349665403366089
1736497160.8314447,12.381568193435669
1736497160.8636084,12.413731813430786
1736497160.8955371,12.445660591125488
1736497160.9274518,12.477575302124023
1736497160.9757292,12.525852680206299
1736497161.0078368,12.557960271835327
1736497161.039359,12.589482545852661
1736497161.0714753,12.621598720550537
1736497161.1030128,12.653136253356934
1736497161.1349084,12.68503189086914
1736497161.1669798,12.717103242874146
1736497161.1992881,12.749411582946777
1736497161.23134,12.781463384628296
1736497161.2632296,12.813353061676025
1736497161.2952726,12.845396041870117
1736497161.3272133,12.877336740493774
1736497161.3763502,12.926473617553711
1736497161.4073222,12.957445621490479
1736497161.439387,12.989510536193848
1736497161.470949,13.021072387695312
1736497161.5026803,13.052803754806519
1736497161.5352979,13.085421323776245
1736497161.5672832,13.117406606674194
1736497161.599624,13.149747371673584
1736497161.631455,13.181578397750854
1736497161.6636417,13.213765144348145
1736497161.695024,13.245147466659546
1736497161.727267,13.277390480041504
1736497161.7755072,13.32563066482544
1736497161.8074467,13.357570171356201
1736497161.8395088,13.389632225036621
1736497161.8713334,13.421456813812256
1736497161.9036837,13.45380711555481
1736497161.9355433,13.485666751861572
1736497161.967654,13.517777442932129
1736497161.9994934,13.549616813659668
1736497162.0314953,13.581618785858154
1736497162.0635562,13.613679647445679
1736497162.0954857,13.645609140396118
1736497162.127445,13.677568435668945
1736497162.1754405,13.725564002990723
1736497162.2076194,13.757742881774902
1736497162.239556,13.789679527282715
1736497162.2714493,13.82157278060913
1736497162.3037739,13.853897333145142
1736497162.3357725,13.88589596748352
1736497162.3679461,13.91806960105896
1736497162.399311,13.949434518814087
1736497162.431206,13.981329441070557
1736497162.4632008,14.01332426071167
1736497162.4952333,14.045356750488281
1736497162.5271375,14.077260971069336
1736497162.5754128,14.1255362033844
1736497162.607456,14.15757942199707
1736497162.6393557,14.189479112625122
1736497162.6713896,14.221513032913208
1736497162.7033498,14.253473281860352
1736497162.735443,14.285566568374634
1736497162.7673495,14.3174729347229
1736497162.799512,14.349635362625122
1736497162.8316586,14.381782054901123
1736497162.8635352,14.413658618927002
1736497162.8954406,14.445564031600952
1736497162.9282207,14.478344202041626
1736497162.9754236,14.52554702758789
1736497163.0073946,14.557518005371094
1736497163.0391846,14.589308023452759
1736497163.0714355,14.621558904647827
1736497163.1034784,14.653601884841919
1736497163.1353414,14.685464859008789
1736497163.1674814,14.717604875564575
1736497163.19941,14.749533414840698
1736497163.2314363,14.781559705734253
1736497163.2633617,14.813485145568848
1736497163.2953095,14.845432996749878
1736497163.3272047,14.877328157424927
1736497163.3755238,14.925647258758545
1736497163.4076045,14.957727909088135
1736497163.4390893,14.98921275138855
1736497163.4707904,15.02091383934021
1736497163.5030155,15.053138971328735
1736497163.5351772,15.08530068397522
1736497163.5673268,15.11745023727417
1736497163.5992842,15.149407625198364
1736497163.631936,15.182059526443481
1736497163.663,15.213123559951782
1736497163.6950185,15.245141983032227
1736497163.7269416,15.27706503868103
1736497163.7589226,15.309046030044556
1736497163.8075523,15.357675790786743
1736497163.839574,15.389697551727295
1736497163.871454,15.421577453613281
1736497163.9035978,15.453721284866333
1736497163.9354665,15.485589981079102
1736497163.9675026,15.5176260471344
1736497163.999579,15.549702405929565
1736497164.0315137,15.581637144088745
1736497164.0636756,15.613799095153809
1736497164.0954938,15.645617246627808
1736497164.1279063,15.678029775619507
1736497164.176419,15.726542472839355
1736497164.2081423,15.758265733718872
1736497164.2399416,15.790065050125122
1736497164.2716792,15.821802616119385
1736497164.303748,15.85387134552002
1736497164.3354504,15.885573863983154
1736497164.3674939,15.917617321014404
1736497164.3996196,15.949743032455444
1736497164.4315195,15.981642961502075
1736497164.4634647,16.013588190078735
1736497164.495351,16.045474529266357
1736497164.5274196,16.077543020248413
1736497164.5594842,16.109607696533203
1736497164.6077113,16.157834768295288
1736497164.6395512,16.189674615859985
1736497164.671662,16.22178554534912
1736497164.7039757,16.254099130630493
1736497164.736047,16.286170482635498
1736497164.7683845,16.31850790977478
1736497164.8003616,16.35048508644104
1736497164.8316557,16.381779193878174
1736497164.8629816,16.413105010986328
1736497164.8951411,16.4452645778656
1736497164.9271529,16.47727632522583
1736497164.9755492,16.525672674179077
1736497165.0076904,16.55781388282776
1736497165.0397348,16.589858293533325
1736497165.0712276,16.62135100364685
1736497165.1034186,16.653542041778564
1736497165.1352997,16.685423135757446
1736497165.1675005,16.717623949050903
1736497165.199352,16.749475479125977
1736497165.2314456,16.781569004058838
1736497165.2633047,16.813428163528442
1736497165.2954135,16.845536947250366
1736497165.3275087,16.87763214111328
1736497165.3762224,16.926345825195312
1736497165.4080226,16.95814609527588
1736497165.4404655,16.990588903427124
1736497165.4719012,17.022024631500244
1736497165.503214,17.053337335586548
1736497165.5346985,17.084821939468384
1736497165.5669541,17.117077589035034
1736497165.599023,17.149146556854248
1736497165.6310816,17.18120503425598
1736497165.6629384,17.213061809539795
1736497165.6949458,17.2450692653656
1736497165.7271998,17.277323246002197
1736497165.7748575,17.324980974197388
1736497165.8070195,17.35714292526245
1736497165.8390367,17.38916015625
1736497165.871088,17.42121148109436
1736497165.9033804,17.453503847122192
1736497165.9350336,17.485157012939453
1736497165.9670131,17.517136573791504
1736497165.999325,17.549448490142822
1736497166.0312603,17.58138370513916
1736497166.0632439,17.613367319107056
1736497166.0955667,17.645690202713013
1736497166.1275811,17.677704572677612
1736497166.1598454,17.70996880531311
1736497166.208124,17.75824737548828
1736497166.2398748,17.789998292922974
1736497166.271728,17.8218514919281
1736497166.3033235,17.85344696044922
1736497166.3354573,17.88558077812195
1736497166.3673196,17.91744303703308
1736497166.3993685,17.94949197769165
1736497166.4313736,17.981497049331665
1736497166.4633403,18.013463735580444
1736497166.4953334,18.045456886291504
1736497166.5273046,18.077428102493286
1736497166.5593529,18.109476327896118
1736497166.6076083,18.157731771469116
1736497166.6396828,18.18980622291565
1736497166.6718142,18.221937656402588
1736497166.7037194,18.25384283065796
1736497166.735733,18.28585648536682
1736497166.767424,18.31754755973816
1736497166.7998068,18.34993028640747
1736497166.8318853,18.38200879096985
1736497166.8632154,18.413338899612427
1736497166.895454,18.445577383041382
1736497166.927361,18.477484464645386
1736497166.9749963,18.52511978149414
1736497167.0070868,18.557210206985474
1736497167.0388308,18.588954210281372
1736497167.071005,18.62112855911255
1736497167.103094,18.653217554092407
1736497167.1349962,18.68511962890625
1736497167.167018,18.7171413898468
1736497167.1990266,18.749150037765503
1736497167.2310233,18.78114676475525
1736497167.262947,18.81307053565979
1736497167.2948658,18.84498929977417
1736497167.3269203,18.87704372406006
1736497167.3590736,18.909197092056274
1736497167.4074426,18.957566022872925
1736497167.4394374,18.989560842514038
1736497167.4714425,19.021565914154053
1736497167.5037355,19.053858995437622
1736497167.535247,19.085370540618896
1736497167.5666864,19.116809844970703
1736497167.5988731,19.148996591567993
1736497167.6308494,19.180972814559937
1736497167.6626284,19.212751865386963
1736497167.6949577,19.245081186294556
1736497167.726713,19.276836395263672
1736497167.7588718,19.308995246887207
1736497167.8071542,19.357277631759644
1736497167.8390837,19.389207124710083
1736497167.8711848,19.421308279037476
1736497167.9035122,19.453635692596436
1736497167.9351785,19.485301971435547
1736497167.967167,19.517290353775024
1736497167.9993517,19.54947519302368
1736497168.0313783,19.581501722335815
1736497168.0635712,19.613694667816162
1736497168.0954356,19.645559072494507
1736497168.126956,19.677079439163208
1736497168.1592517,19.709375143051147
1736497168.2074587,19.757582187652588
1736497168.2393692,19.7894926071167
1736497168.2714067,19.82153010368347
1736497168.3033884,19.853511810302734
1736497168.335372,19.88549542427063
1736497168.3672957,19.91741919517517
1736497168.3992682,19.94939160346985
1736497168.4321127,19.98223614692688
1736497168.4629025,20.013025999069214
1736497168.4949381,20.045061588287354
1736497168.527028,20.07715153694153
1736497168.5592654,20.109388828277588
1736497168.6085806,20.158704042434692
1736497168.6401463,20.190269708633423
1736497168.6722002,20.222323656082153
1736497168.7040074,20.254130840301514
1736497168.7363336,20.286457061767578
1736497168.768411,20.31853437423706
1736497168.798938,20.349061489105225
1736497168.8308856,20.381009101867676
1736497168.8628762,20.412999629974365
1736497168.8949296,20.445053100585938
1736497168.9268854,20.477008819580078
1736497168.9588923,20.509015798568726
1736497169.0072062,20.557329654693604
1736497169.039158,20.58928155899048
1736497169.0711138,20.62123727798462
1736497169.10321,20.65333342552185
1736497169.1350899,20.685213327407837
1736497169.1671596,20.717283010482788
1736497169.1992772,20.74940061569214
1736497169.2310896,20.78121304512024
1736497169.2631192,20.8132426738739
1736497169.2951474,20.84527087211609
1736497169.327432,20.87755537033081
1736497169.3591092,20.90923261642456
1736497169.4076517,20.957775115966797
1736497169.4394112,20.989534616470337
1736497169.4714708,21.021594285964966
1736497169.50373,21.053853511810303
1736497169.5354788,21.085602283477783
1736497169.5672302,21.117353677749634
1736497169.5990772,21.149200677871704
1736497169.6308608,21.180984258651733
1736497169.6627724,21.21289587020874
1736497169.6948538,21.244977235794067
1736497169.7267659,21.276889324188232
1736497169.7587774,21.308900833129883
1736497169.8069766,21.357100009918213
1736497169.8392422,21.389365673065186
1736497169.8712943,21.421417713165283
1736497169.903626,21.453749418258667
1736497169.935325,21.485448360443115
1736497169.9673107,21.517434120178223
1736497169.9992177,21.549341201782227
1736497170.0313468,21.581470251083374
1736497170.063559,21.613682508468628
1736497170.0954902,21.64561367034912
1736497170.1275423,21.67766571044922
1736497170.1593046,21.709428071975708
1736497170.2078,21.757923364639282
1736497170.239587,21.789710521697998
1736497170.2718463,21.821969747543335
1736497170.3037066,21.853830099105835
1736497170.3353786,21.885502099990845
1736497170.3673353,21.9174587726593
1736497170.3994374,21.94956088066101
1736497170.4314756,21.98159909248352
1736497170.4631948,22.013318300247192
1736497170.4952712,22.04539465904236
1736497170.527223,22.077346563339233
1736497170.5592349,22.109358310699463
1736497170.607446,22.157569408416748
1736497170.6387653,22.188888788223267
1736497170.6707494,22.22087287902832
1736497170.702784,22.252907514572144
1736497170.7346933,22.28481674194336
1736497170.766915,22.317038536071777
1736497170.799034,22.349157571792603
1736497170.831667,22.38179039955139
1736497170.8631477,22.413271188735962
1736497170.8949437,22.445067167282104
1736497170.9268234,22.47694683074951
1736497170.9588726,22.50899600982666
1736497171.0069258,22.55704927444458
1736497171.038915,22.589038372039795
1736497171.0709646,22.6210880279541
1736497171.103035,22.65315842628479
1736497171.1350114,22.685134887695312
1736497171.167045,22.71716856956482
1736497171.199128,22.74925136566162
1736497171.2311516,22.781275033950806
1736497171.2633307,22.813454151153564
1736497171.2953885,22.84551191329956
1736497171.3273802,22.877503633499146
1736497171.3591754,22.90929889678955
1736497171.4076967,22.957820177078247
1736497171.4397814,22.98990488052368
1736497171.47153,23.021653413772583
1736497171.5044062,23.054529666900635
1736497171.5364552,23.086578607559204
1736497171.567936,23.118059396743774
1736497171.5997307,23.14985418319702
1736497171.6307716,23.18089509010315
1736497171.662667,23.212790489196777
1736497171.6947172,23.244840621948242
1736497171.7270663,23.2771897315979
1736497171.7588966,23.309020042419434
1736497171.8073204,23.357443809509277
1736497171.839298,23.389421463012695
1736497171.8713188,23.42144227027893
1736497171.903429,23.45355248451233
1736497171.9354208,23.485544204711914
1736497171.9672484,23.517371892929077
1736497171.9994307,23.549554109573364
1736497172.0313938,23.581517219543457
1736497172.063485,23.613608360290527
1736497172.09533,23.645453453063965
1736497172.127381,23.677504539489746
1736497172.1592734,23.709396839141846
1736497172.2073605,23.757483959197998
1736497172.2393103,23.78943371772766
1736497172.2713642,23.82148766517639
1736497172.3033257,23.85344910621643
1736497172.3354228,23.88554620742798
1736497172.367404,23.917527437210083
1736497172.3994734,23.949596881866455
1736497172.4316435,23.981766939163208
1736497172.4634004,24.013523817062378
1736497172.4959214,24.04604482650757
1736497172.527783,24.077906370162964
1736497172.559373,24.109496355056763
1736497172.6083498,24.158473253250122
1736497172.6391237,24.189247131347656
1736497172.6708033,24.220926761627197
1736497172.7029572,24.25308060646057
1736497172.7350597,24.28518319129944
1736497172.7670186,24.317142009735107
1736497172.7990065,24.349129915237427
1736497172.831008,24.381131410598755
1736497172.8630295,24.413152933120728
1736497172.8948767,24.445000171661377
1736497172.92689,24.47701334953308
1736497172.9588952,24.509018659591675
1736497173.0083709,24.558494329452515
1736497173.0404298,24.590553283691406
1736497173.071774,24.62189745903015
1736497173.1038408,24.653964281082153
1736497173.13577,24.685893535614014
1736497173.1679924,24.71811580657959
1736497173.2002738,24.750397205352783
1736497173.2322423,24.782365798950195
1736497173.2636924,24.81381583213806
1736497173.2956886,24.84581208229065
1736497173.3276176,24.87774109840393
1736497173.3598015,24.90992498397827
1736497173.4076977,24.957821130752563
1736497173.439548,24.98967146873474
1736497173.4708607,25.020984172821045
1736497173.5029192,25.05304265022278
1736497173.5349903,25.085113763809204
1736497173.5670376,25.11716103553772
1736497173.5989883,25.1491117477417
1736497173.6310112,25.181134700775146
1736497173.6626048,25.212728261947632
1736497173.6946287,25.244752168655396
1736497173.7266157,25.2767391204834
1736497173.7593722,25.30949568748474
1736497173.8086472,25.358770608901978
1736497173.8403122,25.390435695648193
1736497173.8722372,25.42236065864563
1736497173.90419,25.45431351661682
1736497173.9354088,25.48553228378296
1736497173.9672766,25.51740002632141
1736497173.999333,25.549456357955933
1736497174.0312462,25.581369638442993
1736497174.0632524,25.613375902175903
1736497174.0950918,25.645215272903442
1736497174.1272647,25.677388191223145
1736497174.1591854,25.709308862686157
1736497174.207856,25.75797939300537
1736497174.2399743,25.79009771347046
1736497174.2717953,25.821918725967407
1736497174.3043253,25.854448795318604
1736497174.3362753,25.886398792266846
1736497174.3678944,25.918017864227295
1736497174.4001248,25.95024824142456
1736497174.432008,25.982131481170654
1736497174.4638443,26.013967752456665
1736497174.4958746,26.045998096466064
1736497174.5279212,26.078044652938843
1736497174.5598857,26.11000919342041
1736497174.6077518,26.157875299453735
1736497174.6397316,26.189855098724365
1736497174.6718926,26.222016096115112
1736497174.7038453,26.253968715667725
1736497174.7359273,26.28605079650879
1736497174.7680817,26.31820511817932
1736497174.8004346,26.350558042526245
1736497174.8312476,26.381371021270752
1736497174.8633962,26.413519620895386
1736497174.8948214,26.444944858551025
1736497174.926672,26.476795434951782
1736497174.9587755,26.508898973464966
1736497175.0071614,26.557284832000732
1736497175.0393739,26.589497327804565
1736497175.071109,26.621232509613037
1736497175.1033618,26.65348529815674
1736497175.135135,26.685258388519287
1736497175.1673055,26.7174289226532
1736497175.199297,26.749420404434204
1736497175.2312276,26.78135108947754
1736497175.263051,26.81317448616028
1736497175.2952404,26.84536385536194
1736497175.3271475,26.877270936965942
1736497175.3591604,26.909283876419067
1736497175.4073505,26.95747399330139
1736497175.4395902,26.989713668823242
1736497175.4715846,27.021708011627197
1736497175.503563,27.053686380386353
1736497175.5357325,27.085855960845947
1736497175.5676117,27.117735147476196
1736497175.5994802,27.149603605270386
1736497175.631773,27.181896448135376
1736497175.6644566,27.214580059051514
1736497175.694969,27.245092391967773
1736497175.72663,27.276753425598145
1736497175.7587135,27.308836936950684
1736497175.8070343,27.357157707214355
1736497175.8395324,27.389655828475952
1736497175.8715193,27.421642780303955
1736497175.9035208,27.453644275665283
1736497175.9355443,27.48566770553589
1736497175.967434,27.517557382583618
1736497175.9995086,27.54963207244873
1736497176.0313864,27.581509828567505
1736497176.0636063,27.61372971534729
1736497176.095275,27.645398378372192
1736497176.1273253,27.677448749542236
1736497176.1596842,27.709807634353638
1736497176.2079167,27.758040189743042
1736497176.2393675,27.789490938186646
1736497176.2715049,27.82162833213806
1736497176.3035374,27.853660821914673
1736497176.3354628,27.885586261749268
1736497176.3674664,27.917589902877808
1736497176.3993711,27.94949460029602
1736497176.431553,27.98167634010315
1736497176.463435,28.013558387756348
1736497176.4953098,28.045433282852173
1736497176.5274587,28.077582120895386
1736497176.5593576,28.1094810962677
1736497176.6081638,28.158287286758423
1736497176.6403084,28.190431833267212
1736497176.672288,28.222411394119263
1736497176.70456,28.25468349456787
1736497176.736919,28.287042379379272
1736497176.7688274,28.31895089149475
1736497176.801281,28.351404428482056
1736497176.8313718,28.381495237350464
1736497176.8633697,28.413493156433105
1736497176.8952696,28.445393085479736
1736497176.927283,28.47740650177002
1736497176.9594355,28.50955891609192
1736497177.0074134,28.557536840438843
1736497177.0394595,28.589582920074463
1736497177.0713294,28.621452808380127
1736497177.1034544,28.65357780456543
1736497177.1354578,28.68558120727539
1736497177.1672986,28.717422008514404
1736497177.1993697,28.74949312210083
1736497177.2313774,28.781500816345215
1736497177.2633023,28.81342577934265
1736497177.2952547,28.845378160476685
1736497177.3274448,28.877568244934082
1736497177.3591459,28.909269332885742
1736497177.407503,28.957626342773438
1736497177.43912,28.989243507385254
1736497177.471792,29.021915435791016
1736497177.5033283,29.053451776504517
1736497177.5353706,29.08549404144287
1736497177.567315,29.117438554763794
1736497177.5993385,29.1494619846344
1736497177.6313004,29.181423902511597
1736497177.663359,29.21348237991333
1736497177.695282,29.245405435562134
1736497177.727366,29.27748942375183
1736497177.759286,29.309409379959106
1736497177.8073022,29.357425689697266
1736497177.8394263,29.389549732208252
1736497177.8710492,29.421172618865967
1736497177.902661,29.452784538269043
1736497177.9395423,29.489665746688843
1736497177.9729207,29.523044109344482
1736497178.0027862,29.55290961265564
1736497178.0359216,29.586045026779175
1736497178.0670247,29.61714816093445
1736497178.0992563,29.64937973022461
1736497178.131262,29.68138551712036
1736497178.1625276,29.712651014328003
1736497178.2103794,29.760502815246582
1736497178.242631,29.792754411697388
1736497178.2725115,29.82263493537903
1736497178.307609,29.85773253440857
1736497178.3386564,29.888779878616333
1736497178.372891,29.923014402389526
1736497178.4044917,29.954615116119385
1736497178.4351282,29.985251665115356
1736497178.4645567,30.01468014717102
1736497178.4989812,30.049104690551758
1736497178.5303133,30.08043670654297
1736497178.563091,30.11321449279785
1736497178.611937,30.162060499191284
1736497178.6420038,30.192127227783203
1736497178.679449,30.229572534561157
1736497178.7047956,30.254919052124023
1736497178.7363386,30.28646206855774
1736497178.770926,30.321049451828003
1736497178.8031738,30.353297233581543
1736497178.8351321,30.385255575180054
1736497178.8646502,30.41477370262146
1736497178.8992717,30.449395179748535
1736497178.92709,30.477213382720947
1736497178.9634962,30.513619661331177
1736497179.0114143,30.561537742614746
1736497179.0432053,30.593328714370728
1736497179.0746381,30.6247615814209
1736497179.1097872,30.659910678863525
1736497179.1404102,30.69053363800049
1736497179.1679857,30.718109130859375
1736497179.199752,30.74987554550171
1736497179.231826,30.781949520111084
1736497179.2636082,30.81373167037964
1736497179.295954,30.84607744216919
1736497179.328139,30.878262519836426
1736497179.3599954,30.91011881828308
1736497179.4078598,30.957983255386353
1736497179.4399328,30.99005627632141
1736497179.4719908,31.022114276885986
1736497179.50405,31.054173469543457
1736497179.5358434,31.08596682548523
1736497179.5680804,31.11820387840271
1736497179.600089,31.15021252632141
1736497179.6319425,31.182065963745117
1736497179.664029,31.214152336120605
1736497179.6958606,31.245984077453613
1736497179.7279756,31.278099060058594
1736497179.7609065,31.31102991104126
1736497179.811831,31.3619544506073
1736497179.8402874,31.390410900115967
1736497179.8715906,31.421714067459106
1736497179.9036732,31.45379662513733
1736497179.9357705,31.485893964767456
1736497179.9674716,31.517595052719116
1736497179.999484,31.549607515335083
1736497180.0313983,31.58152174949646
1736497180.0634115,31.613534927368164
1736497180.0953844,31.6455078125
1736497180.127345,31.6774685382843
1736497180.1594222,31.709545612335205
1736497180.207413,31.7575364112854
1736497180.2394176,31.789541006088257
1736497180.2714036,31.821527004241943
1736497180.3034892,31.853612661361694
1736497180.3354404,31.885563850402832
1736497180.367651,31.917774438858032
1736497180.3998005,31.949923992156982
1736497180.4319255,31.982048988342285
1736497180.4634051,32.01352858543396
1736497180.4952226,32.04534602165222
1736497180.5273888,32.07751226425171
1736497180.559439,32.109562397003174
1736497180.6076179,32.15774130821228
1736497180.639797,32.18992042541504
1736497180.6717167,32.221840143203735
1736497180.7037835,32.25390696525574
1736497180.7356946,32.285818099975586
1736497180.7678416,32.317965030670166
1736497180.7998,32.34992337226868
1736497180.831739,32.38186240196228
1736497180.8635619,32.41368532180786
1736497180.8957033,32.44582676887512
1736497180.9278238,32.47794723510742
1736497180.9596524,32.5097758769989
1736497181.007805,32.55792856216431
1736497181.0398452,32.58996868133545
1736497181.0715632,32.621686697006226
1736497181.1033728,32.65349626541138
1736497181.1354723,32.685595750808716
1736497181.1678102,32.717933654785156
1736497181.1993349,32.74945831298828
1736497181.231037,32.78116035461426
1736497181.2632804,32.813403844833374
1736497181.295295,32.84541845321655
1736497181.3272586,32.877382040023804
1736497181.359306,32.9094295501709
1736497181.407839,32.95796251296997
1736497181.4399035,32.99002695083618
1736497181.4718258,33.02194929122925
1736497181.5039191,33.05404257774353
1736497181.5356913,33.08581471443176
1736497181.5681047,33.11822819709778
1736497181.600044,33.15016746520996
1736497181.631919,33.182042360305786
1736497181.6641614,33.214284896850586
1736497181.6961787,33.246302127838135
1736497181.7279286,33.27805209159851
1736497181.7597628,33.30988621711731
1736497181.80807,33.35819339752197
1736497181.8390126,33.38913607597351
1736497181.8710232,33.421146631240845
1736497181.9032319,33.45335531234741
1736497181.9350638,33.485187292099
1736497181.9671612,33.517284631729126
1736497181.999058,33.54918146133423
1736497182.0310814,33.581204891204834
1736497182.0630329,33.61315631866455
1736497182.094983,33.64510655403137
1736497182.1271834,33.67730689048767
1736497182.159174,33.70929741859436
1736497182.2074814,33.7576048374176
1736497182.239523,33.78964638710022
1736497182.2715428,33.82166624069214
1736497182.3035862,33.85370969772339
1736497182.3355813,33.88570475578308
1736497182.3676276,33.91775107383728
1736497182.3995366,33.94966006278992
1736497182.4314675,33.98159098625183
1736497182.4634187,34.01354217529297
1736497182.495496,34.04561948776245
1736497182.5276268,34.07775020599365
1736497182.559808,34.10993146896362
1736497182.608449,34.15857243537903
1736497182.6399844,34.19010782241821
1736497182.6716444,34.22176790237427
1736497182.703997,34.25412034988403
1736497182.7359388,34.286062240600586
1736497182.767936,34.31805944442749
1736497182.7999647,34.350088119506836
1736497182.831889,34.382012367248535
1736497182.863807,34.41393041610718
1736497182.8957798,34.445903301239014
1736497182.927923,34.47804641723633
1736497182.9599476,34.51007103919983
1736497183.0078554,34.5579788684845
1736497183.0398085,34.58993196487427
1736497183.0718,34.62192344665527
1736497183.1039054,34.65402889251709
1736497183.135979,34.68610239028931
1736497183.1681652,34.71828866004944
1736497183.1999688,34.75009226799011
1736497183.232326,34.78244948387146
1736497183.2642393,34.81436276435852
1736497183.2956955,34.84581899642944
1736497183.327841,34.87796449661255
1736497183.3591905,34.909313917160034
1736497183.407143,34.95726656913757
1736497183.4391315,34.98925495147705
1736497183.4711208,35.021244287490845
1736497183.5030305,35.05315399169922
1736497183.5351205,35.085243940353394
1736497183.5672355,35.117358922958374
1736497183.599034,35.14915752410889
1736497183.631247,35.18137049674988
1736497183.663327,35.21345043182373
1736497183.6952233,35.245346784591675
1736497183.7275596,35.27768301963806
1736497183.7599142,35.31003761291504
1736497183.8079698,35.35809326171875
1736497183.839207,35.38933038711548
1736497183.870972,35.42109537124634
1736497183.903023,35.45314645767212
1736497183.9349678,35.48509120941162
1736497183.9669962,35.51711964607239
1736497183.9990687,35.54919219017029
1736497184.0310345,35.58115792274475
1736497184.0629232,35.613046646118164
1736497184.0951533,35.64527678489685
1736497184.1275094,35.6776328086853
1736497184.159579,35.709702491760254
1736497184.2074757,35.757599115371704
1736497184.2395265,35.789649963378906
1736497184.2716844,35.821807861328125
1736497184.3033733,35.85349678993225
1736497184.3357978,35.885921239852905
1736497184.3676896,35.91781306266785
1736497184.3996542,35.949777603149414
1736497184.4317489,35.98187232017517
1736497184.4640603,36.01418375968933
1736497184.4952128,36.04533624649048
1736497184.5276773,36.07780075073242
1736497184.559525,36.10964846611023
1736497184.6083317,36.15845513343811
1736497184.6403265,36.190449953079224
1736497184.672396,36.222519397735596
1736497184.7043548,36.254478216171265
1736497184.735811,36.28593444824219
1736497184.7677665,36.31788992881775
1736497184.7995455,36.349668979644775
1736497184.8316796,36.381803035736084
1736497184.8637176,36.413841009140015
1736497184.8957858,36.44590926170349
1736497184.9276319,36.477755308151245
1736497184.9598815,36.51000499725342
1736497185.0082653,36.55838871002197
1736497185.0403004,36.590423822402954
1736497185.0723329,36.622456312179565
1736497185.1035502,36.65367364883423
1736497185.1357956,36.68591904640198
1736497185.1676922,36.7178156375885
1736497185.1998806,36.750004053115845
1736497185.2318153,36.781938791275024
1736497185.2637644,36.81388783454895
1736497185.2956498,36.845773220062256
1736497185.3277433,36.87786674499512
1736497185.3597128,36.909836292266846
1736497185.4076142,36.95773768424988
1736497185.4397962,36.989919662475586
1736497185.471967,37.022090435028076
1736497185.5038838,37.05400729179382
1736497185.535963,37.08608651161194
1736497185.5682425,37.1183660030365
1736497185.600119,37.15024256706238
1736497185.631767,37.1818904876709
1736497185.6637022,37.213825702667236
1736497185.6957352,37.245858669281006
1736497185.7277317,37.27785515785217
1736497185.759683,37.30980634689331
1736497185.8076513,37.35777473449707
1736497185.8397112,37.38983464241028
1736497185.8717155,37.421838998794556
1736497185.9034247,37.453548192977905
1736497185.934976,37.48509955406189
1736497185.9670246,37.5171480178833
1736497185.9990132,37.54913663864136
1736497186.031123,37.5812463760376
1736497186.0630667,37.61319017410278
1736497186.0951493,37.645272731781006
1736497186.1272366,37.67736005783081
1736497186.1596653,37.70978879928589
1736497186.207863,37.757986545562744
1736497186.2402189,37.79034233093262
1736497186.271866,37.8219895362854
1736497186.3039756,37.85409903526306
1736497186.3360164,37.88613986968994
1736497186.3678453,37.91796875
1736497186.3998454,37.94996881484985
1736497186.4319446,37.98206806182861
1736497186.463795,38.01391839981079
1736497186.4957502,38.04587364196777
1736497186.5279262,38.078049659729004
1736497186.5600457,38.11016917228699
1736497186.6078193,38.15794277191162
1736497186.640479,38.19060254096985
1736497186.671971,38.22209453582764
1736497186.7044125,38.25453591346741
1736497186.736229,38.28635239601135
1736497186.767654,38.31777739524841
1736497186.7999992,38.350122690200806
1736497186.831845,38.38196849822998
1736497186.8637338,38.413857221603394
1736497186.8958495,38.44597291946411
1736497186.927864,38.47798752784729
1736497186.9599133,38.51003670692444
1736497187.0077796,38.55790305137634
1736497187.039851,38.58997440338135
1736497187.0717127,38.62183618545532
1736497187.1035516,38.6536750793457
1736497187.1358328,38.68595623970032
1736497187.1678162,38.717939615249634
1736497187.1997972,38.74992060661316
1736497187.2321472,38.782270669937134
1736497187.2640803,38.81420373916626
1736497187.2961462,38.846269607543945
1736497187.3279414,38.87806487083435
1736497187.3598592,38.909982681274414
1736497187.4079034,38.95802688598633
1736497187.4398572,38.989980697631836
1736497187.4717999,39.021923303604126
1736497187.503974,39.054097414016724
1736497187.5356727,39.08579611778259
1736497187.5678093,39.11793279647827
1736497187.5998127,39.14993619918823
1736497187.6318746,39.18199801445007
1736497187.6636755,39.21379899978638
1736497187.6958766,39.24600005149841
1736497187.7280164,39.27813982963562
1736497187.7599776,39.31010103225708
1736497187.808772,39.35889554023743
1736497187.841041,39.39116454124451
1736497187.8730876,39.423211097717285
1736497187.9053378,39.455461263656616
1736497187.9356546,39.48577809333801
1736497187.966796,39.51691937446594
1736497187.9990606,39.5491840839386
1736497188.0310085,39.58113193511963
1736497188.063059,39.61318254470825
1736497188.0951383,39.64526176452637
1736497188.127236,39.67735934257507
1736497188.1593618,39.70948529243469
1736497188.2074137,39.75753712654114
1736497188.239553,39.78967642784119
1736497188.2715378,39.82166123390198
1736497188.303553,39.853676557540894
1736497188.3355484,39.885671854019165
1736497188.3675086,39.91763210296631
1736497188.3996096,39.94973301887512
1736497188.4315383,39.981661796569824
1736497188.4635754,40.01369881629944
1736497188.4954839,40.04560732841492
1736497188.5272331,40.077356576919556
1736497188.559388,40.109511375427246
1736497188.6080835,40.158206939697266
1736497188.6399953,40.19011878967285
1736497188.6720397,40.22216320037842
1736497188.7040193,40.25414276123047
1736497188.7359085,40.28603196144104
1736497188.7679658,40.31808924674988
1736497188.7999153,40.35003876686096
1736497188.8319716,40.38209509849548
1736497188.8639917,40.41411519050598
1736497188.8960152,40.44613862037659
1736497188.9280949,40.47821831703186
1736497188.960163,40.51028656959534
1736497189.0081124,40.55823588371277
1736497189.0406916,40.59081506729126
1736497189.0725248,40.62264823913574
1736497189.104427,40.654550552368164
1736497189.1354947,40.68561816215515
1736497189.1676261,40.71774959564209
1736497189.199494,40.74961733818054
1736497189.2313483,40.781471729278564
1736497189.263566,40.81368947029114
1736497189.2955446,40.84566807746887
1736497189.3275704,40.87769389152527
1736497189.3594112,40.90953469276428
1736497189.407516,40.95763945579529
1736497189.439486,40.989609479904175
1736497189.4715402,41.021663665771484
1736497189.503655,41.053778409957886
1736497189.5353973,41.08552074432373
1736497189.5677052,41.117828607559204
1736497189.5997996,41.14992308616638
1736497189.631588,41.18171143531799
1736497189.6636548,41.213778257369995
1736497189.695449,41.245572566986084
1736497189.7274542,41.2775776386261
1736497189.7594736,41.30959701538086
1736497189.807947,41.358070373535156
1736497189.8397152,41.38983869552612
1736497189.8719883,41.42211174964905
1736497189.9036083,41.45373177528381
1736497189.9354932,41.48561668395996
1736497189.967838,41.517961502075195
1736497189.998993,41.549116373062134
1736497190.030993,41.58111643791199
1736497190.063081,41.61320447921753
1736497190.0955698,41.64569330215454
1736497190.1274302,41.67755365371704
1736497190.1593418,41.70946526527405
1736497190.2083266,41.75845003128052
1736497190.2404134,41.790536880493164
1736497190.2722442,41.822367668151855
1736497190.3032792,41.853402614593506
1736497190.3351536,41.88527703285217
1736497190.3670588,41.917182207107544
1736497190.3991818,41.949305295944214
1736497190.4311683,41.98129177093506
1736497190.4631746,42.01329803466797
1736497190.495176,42.0452995300293
1736497190.527197,42.07732033729553
1736497190.5592315,42.109354972839355
1736497190.6071992,42.15732264518738
1736497190.639343,42.18946647644043
1736497190.6713333,42.22145676612854
1736497190.7034664,42.25358986854553
1736497190.735354,42.28547739982605
1736497190.7674217,42.31754517555237
1736497190.7993321,42.34945559501648
1736497190.8311858,42.381309270858765
1736497190.8634121,42.413535594940186
1736497190.895699,42.4458224773407
1736497190.9278214,42.47794485092163
1736497190.9597483,42.5098717212677
1736497191.007555,42.55767846107483
1736497191.0397809,42.58990430831909
1736497191.0717256,42.621849060058594
1736497191.1036952,42.65381860733032
1736497191.1355636,42.68568706512451
1736497191.1674485,42.71757197380066
1736497191.1996937,42.74981713294983
1736497191.2311628,42.78128623962402
1736497191.263101,42.81322455406189
1736497191.2952259,42.84534931182861
1736497191.3272476,42.877371072769165
1736497191.3592691,42.90939259529114
1736497191.4080749,42.9581983089447
1736497191.4401076,42.99023103713989
1736497191.4722648,43.022388219833374
1736497191.5039518,43.05407524108887
1736497191.5361702,43.08629369735718
1736497191.5684638,43.118587255477905
1736497191.600636,43.15075945854187
1736497191.6325872,43.18271064758301
1736497191.6640036,43.21412706375122
1736497191.6963432,43.246466636657715
1736497191.728204,43.27832746505737
1736497191.7601748,43.310298204422
1736497191.8080602,43.35818362236023
1736497191.840235,43.390358448028564
1736497191.8720572,43.42218065261841
1736497191.9040158,43.4541392326355
1736497191.9353554,43.48547887802124
1736497191.9673276,43.51745104789734
1736497191.9999504,43.550073862075806
1736497192.0311027,43.581226110458374
1736497192.0629826,43.61310601234436
1736497192.0950632,43.64518666267395
1736497192.126874,43.676997423172
1736497192.1590397,43.709163188934326
1736497192.2081032,43.7582266330719
1736497192.2405243,43.790647745132446
1736497192.2724316,43.82255506515503
1736497192.3041296,43.85425305366516
1736497192.336262,43.886385440826416
1736497192.3683913,43.91851472854614
1736497192.3995996,43.9497230052948
1736497192.4335263,43.98364973068237
1736497192.4631581,44.01328158378601
1736497192.4951713,44.045294761657715
1736497192.5272152,44.07733869552612
1736497192.5591843,44.10930776596069
1736497192.6073563,44.157479763031006
1736497192.6394398,44.189563274383545
1736497192.6712065,44.22132992744446
1736497192.7033637,44.25348711013794
1736497192.7353573,44.28548073768616
1736497192.7674925,44.31761598587036
1736497192.7993605,44.34948396682739
1736497192.8312552,44.38137865066528
1736497192.8633802,44.413503646850586
1736497192.895329,44.44545245170593
1736497192.927393,44.477516412734985
1736497192.959607,44.50973033905029
1736497193.0075314,44.5576548576355
1736497193.0406451,44.590768575668335
1736497193.0727663,44.62288975715637
1736497193.1041322,44.654255628585815
1736497193.135971,44.686094522476196
1736497193.1678934,44.71801686286926
1736497193.1999605,44.750083923339844
1736497193.2319784,44.78210186958313
1736497193.264048,44.81417155265808
1736497193.2958753,44.845998764038086
1736497193.3279102,44.87803363800049
1736497193.3599508,44.91007423400879
1736497193.407914,44.95803737640381
1736497193.440066,44.99018955230713
1736497193.472061,45.02218437194824
1736497193.5029843,45.05310773849487
1736497193.534999,45.08512234687805
1736497193.567001,45.11712455749512
1736497193.5993037,45.14942717552185
1736497193.6313636,45.18148708343506
1736497193.6636574,45.213780879974365
1736497193.6956003,45.245723724365234
1736497193.7269058,45.277029275894165
1736497193.7595215,45.30964493751526
1736497193.8080082,45.358131647109985
1736497193.8399909,45.390114307403564
1736497193.8718402,45.421963691711426
1736497193.903648,45.453771352767944
1736497193.9358392,45.48596262931824
1736497193.967706,45.51782941818237
1736497193.999785,45.54990839958191
1736497194.0324836,45.58260703086853
1736497194.0629017,45.613025188446045
1736497194.0949726,45.64509606361389
1736497194.1269767,45.67710018157959
1736497194.1590946,45.70921802520752
1736497194.2082505,45.758373975753784
1736497194.2406495,45.790772914886475
1736497194.2730985,45.823221921920776
1736497194.3047802,45.85490369796753
1736497194.3368561,45.88697957992554
1736497194.3681734,45.918296813964844
1736497194.4003322,45.95045566558838
1736497194.4324024,45.98252582550049
1736497194.4642298,46.01435327529907
1736497194.4956422,46.04576563835144
1736497194.5276537,46.07777714729309
1736497194.5597112,46.10983467102051
1736497194.60776,46.157883405685425
1736497194.6398177,46.18994116783142
1736497194.671701,46.221824407577515
1736497194.7037046,46.253828048706055
1736497194.735677,46.28580045700073
1736497194.767783,46.31790637969971
1736497194.8001032,46.350226640701294
1736497194.8322039,46.38232731819153
1736497194.8636928,46.41381621360779
1736497194.8957028,46.445826292037964
1736497194.9278774,46.47800087928772
1736497194.9597688,46.5098922252655
1736497195.0077913,46.55791473388672
1736497195.0398493,46.589972734451294
1736497195.0716596,46.62178301811218
1736497195.1037529,46.653876304626465
1736497195.1357288,46.68585228919983
1736497195.1677487,46.71787214279175
1736497195.1997464,46.74986982345581
1736497195.231785,46.78190851211548
1736497195.2639556,46.81407904624939
1736497195.2962427,46.84636616706848
1736497195.3281922,46.878315687179565
1736497195.359495,46.90961837768555
1736497195.4083455,46.95846891403198
1736497195.440164,46.99028754234314
1736497195.4721818,47.02230525016785
1736497195.5043623,47.05448579788208
1736497195.5350847,47.08520817756653
1736497195.5673485,47.11747193336487
1736497195.5994508,47.149574279785156
1736497195.63139,47.18151354789734
1736497195.663274,47.21339750289917
1736497195.6953278,47.24545121192932
1736497195.727236,47.27735948562622
1736497195.7593462,47.30946969985962
1736497195.807804,47.357927560806274
1736497195.8398497,47.389973163604736
1736497195.8715107,47.42163419723511
1736497195.903368,47.45349144935608
1736497195.9358091,47.48593258857727
1736497195.967843,47.517966508865356
1736497195.9999237,47.550047159194946
1736497196.0322063,47.582329750061035
1736497196.0642843,47.614407777786255
1736497196.095311,47.64543437957764
1736497196.127032,47.67715549468994
1736497196.158977,47.70910048484802
1736497196.2073157,47.75743913650513
1736497196.239275,47.789398431777954
1736497196.2712617,47.82138514518738
1736497196.3033018,47.85342526435852
1736497196.3352718,47.88539528846741
1736497196.367298,47.91742134094238
1736497196.3992913,47.94941473007202
1736497196.4312084,47.98133182525635
1736497196.4632163,48.01333975791931
1736497196.4952736,48.04539704322815
1736497196.5273635,48.077486991882324
1736497196.559255,48.10937833786011
1736497196.607798,48.15792155265808
1736497196.6396687,48.18979215621948
1736497196.6714852,48.22160863876343
1736497196.7040014,48.254124879837036
1736497196.7356715,48.28579497337341
1736497196.7677183,48.31784176826477
1736497196.799476,48.34959936141968
1736497196.8316407,48.38176417350769
1736497196.8631606,48.41328406333923
1736497196.8951719,48.445295333862305
1736497196.9273686,48.47749209403992
1736497196.9591093,48.50923275947571
1736497197.0073867,48.55751013755798
1736497197.0390718,48.589195251464844
1736497197.0712357,48.62135910987854
1736497197.1031916,48.65331506729126
1736497197.1353111,48.68543457984924
1736497197.1673496,48.71747303009033
1736497197.1994805,48.74960398674011
1736497197.2315774,48.78170084953308
1736497197.263613,48.81373643875122
1736497197.295827,48.84595036506653
1736497197.327829,48.877952337265015
1736497197.359241,48.909364461898804
1736497197.407685,48.95780849456787
1736497197.439308,48.989431381225586
1736497197.471534,49.02165746688843
1736497197.5033813,49.05350470542908
1736497197.5353832,49.08550667762756
1736497197.567464,49.11758756637573
1736497197.5995064,49.14962983131409
1736497197.6314566,49.18158006668091
1736497197.6634076,49.21353101730347
1736497197.695515,49.245638370513916
1736497197.7274501,49.277573585510254
1736497197.759468,49.30959153175354
1736497197.8078284,49.35795187950134
1736497197.8397715,49.38989496231079
1736497197.871802,49.42192554473877
1736497197.9042673,49.45439076423645
1736497197.935779,49.485902547836304
1736497197.9677725,49.51789593696594
1736497197.9998763,49.549999713897705
1736497198.0321896,49.5823130607605
1736497198.0642784,49.61440181732178
1736497198.096162,49.64628553390503
1736497198.127432,49.677555561065674
1736497198.158757,49.70888042449951
1736497198.2073455,49.757468938827515
1736497198.2392087,49.789332151412964
1736497198.2711341,49.82125759124756
1736497198.303085,49.85320854187012
1736497198.335131,49.88525438308716
1736497198.3675387,49.917662143707275
1736497198.3995473,49.94967079162598
1736497198.4315953,49.98171877861023
1736497198.4634607,50.01358413696289
1736497198.4951012,50.04522466659546
1736497198.5269663,50.07708978652954
1736497198.5594606,50.10958409309387
1736497198.607529,50.157652378082275
1736497198.6394086,50.18953204154968
1736497198.6712372,50.22136068344116
1736497198.7031906,50.25331401824951
1736497198.7356813,50.285804748535156
1736497198.7677655,50.31788897514343
1736497198.799941,50.350064516067505
1736497198.831974,50.382097482681274
1736497198.863532,50.413655519485474
1736497198.895503,50.44562649726868
1736497198.9275856,50.4777090549469
1736497198.9595845,50.50970792770386
1736497199.0075583,50.55768179893494
1736497199.039479,50.58960247039795
1736497199.0715737,50.621697187423706
1736497199.1033785,50.653501987457275
1736497199.135557,50.6856803894043
1736497199.1675215,50.717644929885864
1736497199.1995978,50.74972128868103
1736497199.2315295,50.78165292739868
1736497199.263538,50.813661336898804
1736497199.295584,50.845707416534424
1736497199.3276238,50.87774729728699
1736497199.3596964,50.90981984138489
1736497199.4077592,50.95788264274597
1736497199.439389,50.98951244354248
1736497199.4718635,51.021986961364746
1736497199.503923,51.054046392440796
1736497199.5365603,51.08668375015259
1736497199.5672822,51.11740565299988
1736497199.5995083,51.14963173866272
1736497199.6315029,51.181626319885254
1736497199.6633348,51.21345829963684
1736497199.6955318,51.24565529823303
1736497199.7274654,51.277588844299316
1736497199.7596118,51.30973529815674
1736497199.8079169,51.35804033279419
1736497199.839824,51.38994741439819
1736497199.8718817,51.42200517654419
1736497199.9050176,51.45514106750488
1736497199.9358704,51.4859938621521
1736497199.9679093,51.51803278923035
1736497199.9998953,51.55001878738403
1736497200.0307796,51.58090305328369
1736497200.0630875,51.613210916519165
1736497200.095278,51.64540147781372
1736497200.1269615,51.67708492279053
1736497200.1592257,51.709349155426025
1736497200.2074473,51.75757074356079
1736497200.2388241,51.78894758224487
1736497200.2710261,51.821149587631226
1736497200.3030849,51.85320830345154
1736497200.3353205,51.885443925857544
1736497200.3674912,51.917614698410034
1736497200.3993723,51.949495792388916
1736497200.4311364,51.98125982284546
1736497200.4632616,52.01338505744934
1736497200.495267,52.045390367507935
1736497200.527218,52.07734155654907
1736497200.5593228,52.10944628715515
1736497200.6076002,52.15772366523743
1736497200.6395967,52.189720153808594
1736497200.6715052,52.22162866592407
1736497200.7034907,52.2536141872406
1736497200.7355044,52.28562784194946
1736497200.7675304,52.31765389442444
1736497200.800036,52.35015940666199
1736497200.8320048,52.38212823867798
1736497200.8632803,52.41340374946594
1736497200.895401,52.44552445411682
1736497200.927653,52.477776527404785
1736497200.9595816,52.50970506668091
1736497201.007815,52.55793833732605
1736497201.039871,52.58999443054199
1736497201.0718331,52.62195658683777
1736497201.1038394,52.65396285057068
1736497201.1356807,52.68580412864685
1736497201.16784,52.717963457107544
1736497201.1998591,52.749982595443726
1736497201.2317839,52.78190732002258
1736497201.2638178,52.81394124031067
1736497201.2961671,52.846290588378906
1736497201.328098,52.87822151184082
1736497201.360364,52.91048741340637
1736497201.4080336,52.95815706253052
1736497201.4396966,52.98982000350952
1736497201.4714465,53.0215699672699
1736497201.5034287,53.05355215072632
1736497201.536147,53.086270570755005
1736497201.5676115,53.11773490905762
1736497201.5998986,53.15002202987671
1736497201.6317995,53.181922912597656
1736497201.6636634,53.21378684043884
1736497201.6957455,53.24586892127991
1736497201.727839,53.27796244621277
1736497201.7598917,53.3100152015686
1736497201.8078039,53.357927322387695
1736497201.839669,53.38979244232178
1736497201.871693,53.42181634902954
1736497201.9039142,53.4540376663208
1736497201.9358492,53.48597264289856
1736497201.9677181,53.51784157752991
1736497201.9998653,53.549988746643066
1736497202.0322468,53.58237028121948
1736497202.064203,53.61432647705078
1736497202.096359,53.64648246765137
1736497202.1278176,53.67794108390808
1736497202.1596358,53.70975923538208
1736497202.206827,53.75695037841797
1736497202.238999,53.789122343063354
1736497202.2710056,53.82112908363342
1736497202.3029752,53.85309863090515
1736497202.3349922,53.88511562347412
1736497202.3676147,53.91773819923401
1736497202.3994942,53.94961762428284
1736497202.4316092,53.98173260688782
1736497202.46355,54.013673543930054
1736497202.4954624,54.0455858707428
1736497202.5277977,54.07792115211487
1736497202.5599117,54.11003518104553
1736497202.6080928,54.15821623802185
1736497202.6398892,54.19001269340515
1736497202.6717875,54.22191095352173
1736497202.703709,54.25383234024048
1736497202.7358787,54.28600215911865
1736497202.7679553,54.3180787563324
1736497202.7994642,54.3495876789093
1736497202.8315666,54.38169002532959
1736497202.8635921,54.41371560096741
1736497202.8953896,54.445513010025024
1736497202.9275756,54.47769904136658
1736497202.959513,54.50963640213013
1736497203.0075214,54.557644844055176
1736497203.0394912,54.58961462974548
1736497203.071392,54.62151551246643
1736497203.1035252,54.65364861488342
1736497203.1355698,54.68569326400757
1736497203.1674829,54.71760630607605
1736497203.1995964,54.749719858169556
1736497203.231595,54.781718492507935
1736497203.2638605,54.81398391723633
1736497203.296289,54.84641242027283
1736497203.32766,54.87778353691101
1736497203.359386,54.9095094203949
1736497203.4086506,54.95877408981323
1736497203.4394364,54.98955988883972
1736497203.4715014,55.02162480354309
1736497203.5030997,55.05322313308716
1736497203.5350711,55.08519458770752
1736497203.566986,55.117109537124634
1736497203.5991926,55.14931607246399
1736497203.631158,55.18128156661987
1736497203.6630468,55.213170289993286
1736497203.6951494,55.24527287483215
1736497203.7271626,55.27728605270386
1736497203.7590902,55.309213638305664
1736497203.8070898,55.357213258743286
1736497203.838983,55.3891065120697
1736497203.871088,55.42121148109436
1736497203.9041584,55.4542818069458
1736497203.9356875,55.48581099510193
1736497203.9678166,55.517940044403076
1736497203.999485,55.5496084690094
1736497204.0313156,55.58143901824951
1736497204.0636888,55.61381220817566
1736497204.0956042,55.64572763442993
1736497204.1276724,55.67779588699341
1736497204.1595201,55.709643602371216
1736497204.2076237,55.757747173309326
1736497204.2388892,55.78901267051697
1736497204.2710283,55.82115173339844
1736497204.3030822,55.85320568084717
1736497204.3350475,55.88517093658447
1736497204.3670757,55.91719913482666
1736497204.399376,55.9494993686676
1736497204.4313715,55.98149490356445
1736497204.4633276,56.01345109939575
1736497204.49532,56.045443534851074
1736497204.5276034,56.0777268409729
1736497204.5596926,56.10981607437134
1736497204.6079555,56.15807890892029
1736497204.6394403,56.1895637512207
1736497204.6714103,56.22153377532959
1736497204.703507,56.25363039970398
1736497204.7355862,56.285709619522095
1736497204.7676504,56.31777381896973
1736497204.7995684,56.34969186782837
1736497204.8315196,56.38164305686951
1736497204.863506,56.41362953186035
1736497204.895583,56.445706367492676
1736497204.9274569,56.477580308914185
1736497204.9590049,56.50912833213806
1736497205.0071912,56.55731463432312
1736497205.03953,56.58965349197388
1736497205.0716403,56.621763706207275
1736497205.1034582,56.653581619262695
1736497205.135719,56.685842514038086
1736497205.1680663,56.71818971633911
1736497205.2000282,56.75015163421631
1736497205.2320144,56.782137870788574
1736497205.2638512,56.81397461891174
1736497205.2958062,56.84592962265015
1736497205.3278337,56.8779571056366
1736497205.3593104,56.90943384170532
1736497205.4077396,56.957863092422485
1736497205.4394798,56.98960328102112
1736497205.471497,57.02162051200867
1736497205.5035224,57.053645849227905
1736497205.5356276,57.08575105667114
1736497205.567637,57.11776041984558
1736497205.5995448,57.14966821670532
1736497205.6315992,57.18172264099121
1736497205.6634731,57.21359658241272
1736497205.6955843,57.245707750320435
1736497205.7274747,57.2775981426239
1736497205.7594614,57.309584856033325
1736497205.8075063,57.35762977600098
1736497205.8395426,57.38966608047485
1736497205.8715785,57.42170190811157
1736497205.9036894,57.45381283760071
1736497205.9359765,57.4860999584198
1736497205.9679065,57.5180299282074
1736497205.9998722,57.54999566078186
1736497206.0315146,57.58163809776306
1736497206.063484,57.61360740661621
1736497206.095566,57.645689487457275
1736497206.1275811,57.67770457267761
1736497206.15952,57.70964336395264
1736497206.2075095,57.75763297080994
1736497206.23943,57.78955340385437
1736497206.2712371,57.82136058807373
1736497206.302749,57.852872371673584
1736497206.335067,57.88519048690796
1736497206.3670738,57.91719722747803
1736497206.3992248,57.94934821128845
1736497206.4311802,57.981303691864014
1736497206.4635417,58.013665199279785
1736497206.4959176,58.0460410118103
1736497206.5272505,58.07737398147583
1736497206.559032,58.10915541648865
1736497206.6075466,58.15767002105713
1736497206.6392267,58.18935012817383
1736497206.6713443,58.22146773338318
1736497206.7032318,58.253355264663696
1736497206.73539,58.285513401031494
1736497206.7673619,58.317485332489014
1736497206.799382,58.34950542449951
1736497206.831197,58.38132047653198
1736497206.8633056,58.41342902183533
1736497206.8957021,58.44582557678223
1736497206.9270437,58.4771671295166
1736497206.9592566,58.50938010215759
1736497207.0075054,58.557628870010376
1736497207.0386713,58.58879470825195
1736497207.0709796,58.621103048324585
1736497207.103335,58.6534583568573
1736497207.1351023,58.68522572517395
1736497207.167022,58.71714544296265
1736497207.199375,58.74949836730957
1736497207.2307134,58.78083682060242
1736497207.2628536,58.81297707557678
1736497207.2947662,58.844889640808105
1736497207.3267016,58.87682509422302
1736497207.3587406,58.90886402130127
1736497207.4072666,58.95739006996155
1736497207.4390595,58.98918294906616
1736497207.470997,59.02112054824829
1736497207.5035367,59.05366015434265
1736497207.5349538,59.0850772857666
1736497207.566988,59.11711144447327
1736497207.5994332,59.1495566368103
1736497207.6316042,59.18172764778137
1736497207.6630633,59.213186740875244
1736497207.6954505,59.24557399749756
1736497207.727514,59.27763748168945
1736497207.7592716,59.30939507484436
1736497207.8072612,59.35738468170166
1736497207.8394456,59.38956904411316
1736497207.8713632,59.421486616134644
1736497207.9033554,59.45347881317139
1736497207.935534,59.48565745353699
1736497207.9675722,59.5176956653595
1736497207.9994895,59.5496129989624
1736497208.0313733,59.581496715545654
1736497208.063374,59.613497495651245
1736497208.0953178,59.64544129371643
1736497208.1274333,59.67755675315857
1736497208.158991,59.70911455154419
1736497208.209625,59.759748458862305
1736497208.2419448,59.79206824302673
1736497208.2738926,59.824016094207764
1736497208.3069715,59.85709500312805
1736497208.3363178,59.886441230773926
1736497208.370529,59.92065238952637
1736497208.4036384,59.95376181602478
1736497208.4358068,59.98593020439148
1736497208.467815,60.01793837547302
1736497208.5010269,60.05115032196045
1736497208.5289624,60.07908582687378
1736497208.562618,60.112741470336914
1736497208.6101341,60.16025757789612
1736497208.6419392,60.19206261634827
1736497208.6745455,60.224668979644775
1736497208.7065692,60.25669264793396
1736497208.7386973,60.28882074356079
1736497208.7700975,60.320220947265625
1736497208.8029244,60.3530478477478
1736497208.8363326,60.38645601272583
1736497208.8668697,60.416993141174316
1736497208.8983924,60.44851589202881
1736497208.9308858,60.48100924491882
1736497208.9620326,60.51215600967407
1736497209.0108933,60.56101679801941
1736497209.0426555,60.59277892112732
1736497209.0714276,60.62155103683472
1736497209.1036959,60.65381932258606
1736497209.136373,60.68649649620056
1736497209.1683109,60.71843433380127
1736497209.199728,60.74985146522522
1736497209.2316637,60.781787157058716
1736497209.263857,60.81398034095764
1736497209.295669,60.84579253196716
1736497209.327847,60.877970457077026
1736497209.359666,60.90978956222534
1736497209.4077277,60.95785117149353
1736497209.4397118,60.989835262298584
1736497209.4716916,61.021815061569214
1736497209.5037675,61.05389094352722
1736497209.5357122,61.085835695266724
1736497209.567727,61.11785054206848
1736497209.5997126,61.14983606338501
1736497209.6318269,61.18195033073425
1736497209.6638086,61.213932037353516
1736497209.6956856,61.24580907821655
1736497209.727842,61.2779655456543
1736497209.7596686,61.309792041778564
1736497209.808025,61.35814833641052
1736497209.839819,61.38994240760803
1736497209.8719685,61.42209196090698
1736497209.9039032,61.45402669906616
1736497209.9356015,61.48572492599487
1736497209.9677906,61.517914056777954
1736497210.0000196,61.550143003463745
1736497210.0318763,61.58199977874756
1736497210.0637813,61.61390471458435
1736497210.095682,61.64580535888672
1736497210.1277044,61.67782783508301
1736497210.159727,61.709850549697876
1736497210.2081208,61.75824427604675
1736497210.2399406,61.790064096450806
1736497210.2721214,61.82224488258362
1736497210.3043401,61.85446357727051
1736497210.336276,61.88639950752258
1736497210.3683167,61.918440103530884
1736497210.3991244,61.94924783706665
1736497210.4311042,61.98122763633728
1736497210.4632695,62.01339292526245
1736497210.495449,62.04557251930237
1736497210.527058,62.077181339263916
1736497210.5591986,62.10932207107544
1736497210.6075206,62.15764403343201
1736497210.639726,62.18984937667847
1736497210.671877,62.22200036048889
1736497210.7035007,62.25362420082092
1736497210.735506,62.28562951087952
1736497210.767593,62.31771636009216
1736497210.799604,62.349727392196655
1736497210.8316681,62.38179159164429
1736497210.863584,62.41370749473572
1736497210.8954906,62.44561409950256
1736497210.927556,62.47767949104309
1736497210.9593403,62.50946378707886
1736497211.0078945,62.55801796913147
1736497211.039903,62.59002637863159
1736497211.0718782,62.62200164794922
1736497211.1038947,62.65401816368103
1736497211.1359038,62.68602728843689
1736497211.1678917,62.71801519393921
1736497211.1998491,62.7499725818634
1736497211.2321906,62.78231406211853
1736497211.264165,62.81428837776184
1736497211.2957988,62.845922231674194
1736497211.3282177,62.87834119796753
1736497211.360106,62.910229444503784
1736497211.4079366,62.95806002616882
1736497211.4397638,62.98988723754883
1736497211.4719002,63.02202367782593
1736497211.5038126,63.05393600463867
1736497211.535944,63.08606743812561
1736497211.567855,63.11797833442688
1736497211.5997841,63.14990758895874
1736497211.6319203,63.18204379081726
1736497211.6638021,63.21392560005188
1736497211.6957972,63.24592065811157
1736497211.7277856,63.27790904045105
1736497211.7596762,63.309799671173096
1736497211.8080535,63.358176946640015
1736497211.8398259,63.389949321746826
1736497211.8717616,63.42188501358032
1736497211.9046242,63.454747676849365
1736497211.9364474,63.486570835113525
1736497211.969215,63.51933836936951
1736497212.000235,63.55035853385925
1736497212.0320828,63.58220624923706
1736497212.0638494,63.613972902297974
1736497212.095768,63.645891427993774
1736497212.128555,63.67867851257324
1736497212.15978,63.70990347862244
1736497212.2079804,63.75810384750366
1736497212.2398105,63.789933919906616
1736497212.2718635,63.82198691368103
1736497212.3038964,63.8540198802948
1736497212.3358383,63.88596177101135
1736497212.3680046,63.91812801361084
1736497212.3997898,63.94991326332092
1736497212.4330056,63.983129024505615
1736497212.4630044,64.01312780380249
1736497212.4949307,64.0450541973114
1736497212.5269244,64.07704782485962
1736497212.5591462,64.10926961898804
1736497212.6080403,64.15816378593445
1736497212.6398127,64.18993616104126
1736497212.6725569,64.22268033027649
1736497212.7045014,64.25462484359741
1736497212.7357385,64.28586196899414
1736497212.7679763,64.31809973716736
1736497212.8000321,64.35015559196472
1736497212.8318264,64.38194990158081
1736497212.863931,64.41405439376831
1736497212.89583,64.44595336914062
1736497212.9278333,64.47795677185059
1736497212.9598112,64.50993466377258
1736497213.0077732,64.5578966140747
1736497213.0398488,64.58997225761414
1736497213.0718186,64.62194204330444
1736497213.1038024,64.65392589569092
1736497213.1358976,64.68602108955383
1736497213.1679885,64.71811199188232
1736497213.2000368,64.75016021728516
1736497213.2321358,64.78225922584534
1736497213.2645648,64.814688205719
1736497213.2962105,64.8463339805603
1736497213.3286903,64.87881374359131
1736497213.359161,64.90928435325623
1736497213.4071956,64.95731902122498
1736497213.439541,64.98966455459595
1736497213.4713566,65.02148008346558
1736497213.5041897,65.05431318283081
1736497213.5350795,65.08520293235779
1736497213.5671446,65.11726808547974
1736497213.5991745,65.14929795265198
1736497213.631058,65.18118143081665
1736497213.6630633,65.21318674087524
1736497213.695096,65.24521946907043
1736497213.7269797,65.27710318565369
1736497213.759536,65.30965948104858
1736497213.8077953,65.35791873931885
1736497213.839921,65.39004445075989
1736497213.8720043,65.42212772369385
1736497213.903479,65.45360255241394
1736497213.9357834,65.48590683937073
1736497213.9679096,65.51803302764893
1736497213.9996915,65.5498149394989
